file	weapon_or_template	projectile	field	old_value	weapon_range_wdist	old_range_ratio
mods/cameo/ContentPacks/D2k/Atreides/yaml/weapons.yaml	OrniMissile	Missile	RangeLimit	33333	6666	5.000450
mods/cameo/ContentPacks/D2k/Atreides/yaml/weapons.yaml	PhoenixRocket	Missile	RangeLimit	4c512	4608	1.000000
mods/cameo/ContentPacks/D2k/Harkonnen/yaml/weapons.yaml	DebrisMissile	Missile	RangeLimit	10c0	7168	1.428571
mods/cameo/ContentPacks/D2k/Harkonnen/yaml/weapons.yaml	D2K_Rocket_AA	Missile	RangeLimit	24c0	5500	4.468364
mods/cameo/ContentPacks/D2k/Ixian/yaml/weapons.yaml	mtank_pri2	Missile	RangeLimit	45000	10052	4.476721
mods/cameo/ContentPacks/D2k/Ixian/yaml/weapons.yaml	D2K_RocketsCymek	Missile	RangeLimit	16000	6787	2.357448
mods/cameo/ContentPacks/D2k/Ixian/yaml/weapons.yaml	MongooseRocket	Missile	RangeLimit	25000	6183	4.043345
mods/cameo/ContentPacks/D2k/Ixian/yaml/weapons.yaml	ixian_airdrone	Missile	RangeLimit	24000	6500	3.692308
mods/cameo/ContentPacks/D2k/Ordos/yaml/weapons.yaml	HeavyOrdosCombatTankRockets	Missile	RangeLimit	25000	6000	4.166667
mods/cameo/ContentPacks/D2k/Ordos/yaml/weapons.yaml	D2K_APC_Rocket_AA	Missile	RangeLimit	25000	6500	3.846154
mods/cameo/ContentPacks/D2k/Ordos/yaml/weapons.yaml	DeviatorMissile_Artillery	Missile	RangeLimit	12500	10025	1.246883
mods/cameo/ContentPacks/D2k/Ordos/yaml/weapons.yaml	ordos_airmine	Missile	RangeLimit	3c0	2048	1.500000
mods/cameo/ContentPacks/D2k/Ordos/yaml/weapons.yaml	d2k_tyrant	Missile	RangeLimit	6c512	6144	1.083333
mods/cameo/ContentPacks/D2k/Ordos/yaml/weapons.yaml	Rocket_stealth_AA	Missile	RangeLimit	12c614	11000	1.172909
mods/cameo/ContentPacks/D2k/Ordos/yaml/weapons.yaml	D2K_Annihilator_AA	Missile	RangeLimit	12c0	10240	1.200000
mods/cameo/ContentPacks/D2k/Shared/yaml/weapons.yaml	^Projectile_Missile_Heavy_D2K	Missile	RangeLimit	33333		
mods/cameo/ContentPacks/D2k/Shared/yaml/weapons.yaml	^Projectile_Missile_Heavy_D2K_OMissile	Missile	RangeLimit	6c614		
mods/cameo/ContentPacks/D2k/Shared/yaml/weapons.yaml	D2K_TowerMissile	Missile	RangeLimit	33333	10684	3.119899
mods/cameo/ContentPacks/D2k/Shared/yaml/weapons.yaml	mtank_pri	Missile	RangeLimit	30c0	10240	3.000000
mods/cameo/ContentPacks/D2k/Shared/yaml/weapons.yaml	PhoenixRocketShrapnel	Missile	RangeLimit	33333	3333	10.000900
mods/cameo/ContentPacks/RedAlert/Allies/yaml/weapons.yaml	ra1_allies_reconranger_recoillessgun	Missile	RangeLimit	25000	4925	5.076142
mods/cameo/ContentPacks/RedAlert/Allies/yaml/weapons.yaml	ra1_allies_phasetransport_missile	Missile	RangeLimit	25000	5038	4.962287
mods/cameo/ContentPacks/RedAlert/Allies/yaml/weapons.yaml	ra1_allies_phasetransport_missile_cryo	Missile	RangeLimit	25000	300	83.333333
mods/cameo/ContentPacks/RedAlert/Allies/yaml/weapons.yaml	ra1_allies_chronotank_missile	Missile	RangeLimit	25000	6102	4.097017
mods/cameo/ContentPacks/RedAlert/Allies/yaml/weapons.yaml	ra1_allies_chronotank_missile_cryo	Missile	RangeLimit	25000	400	62.500000
mods/cameo/ContentPacks/RedAlert/Japan/yaml/weapons.yaml	JapanMaidenBow	Missile	RangeLimit	25000	7500	3.333333
mods/cameo/ContentPacks/RedAlert/Japan/yaml/weapons.yaml	JapanMaidenBowEnergized	Missile	RangeLimit	25000	7500	3.333333
mods/cameo/ContentPacks/RedAlert/Japan/yaml/weapons.yaml	BallistaSingleShotAir_AA	Missile	RangeLimit	25000	9214	2.713262
mods/cameo/ContentPacks/RedAlert/Japan/yaml/weapons.yaml	RocketAngelRockets	Missile	RangeLimit	25000	4600	5.434783
mods/cameo/ContentPacks/RedAlert/Japan/yaml/weapons.yaml	Hakureiring	Missile	RangeLimit	33333	6666	5.000450
mods/cameo/ContentPacks/RedAlert/Japan/yaml/weapons.yaml	Hakureiring2	Missile	RangeLimit	22222	6666	3.333633
mods/cameo/ContentPacks/RedAlert/Japan/yaml/weapons.yaml	ReimuDreamSeal	Missile	RangeLimit	22222	6400	3.472187
mods/cameo/ContentPacks/RedAlert/Japan/yaml/weapons.yaml	Hakureiring3	Missile	RangeLimit	33333	6666	5.000450
mods/cameo/ContentPacks/RedAlert/Japan/yaml/weapons.yaml	ZeroFighterArrows	Missile	RangeLimit	25000	6615	3.779289
mods/cameo/ContentPacks/RedAlert/Japan/yaml/weapons.yaml	SkyHawkArrows	Missile	RangeLimit	25000	3053	8.188667
mods/cameo/ContentPacks/RedAlert/Japan/yaml/weapons.yaml	SkyHawkArrowsEnergized	Missile	RangeLimit	25000	3053	8.188667
mods/cameo/ContentPacks/RedAlert/Japan/yaml/weapons.yaml	ShrineTankCannon	Missile	RangeLimit	33333	6370	5.232810
mods/cameo/ContentPacks/RedAlert/Japan/yaml/weapons.yaml	OIHakureiring	Missile	RangeLimit	33333	5394	6.179644
mods/cameo/ContentPacks/RedAlert/Japan/yaml/weapons.yaml	OIHakureiring2	Missile	RangeLimit	22222	5394	4.119763
mods/cameo/ContentPacks/RedAlert/Shared/yaml/weapons.yaml	ATMine	Missile	RangeLimit	30000	5120	5.859375
mods/cameo/ContentPacks/RedAlert/Shared/yaml/weapons.yaml	ra1_soviets_submarine_torpedo	Missile	RangeLimit	15000	10000	1.500000
mods/cameo/ContentPacks/RedAlert/Shared/yaml/weapons.yaml	ra1_soviets_submarine_torpedo_thermobaric	Missile	RangeLimit	15000	10000	1.500000
mods/cameo/ContentPacks/RedAlert/Soviets/yaml/weapons.yaml	ra1_soviets_hindattackhelicopter_hindmissilesthermobaric	Missile	RangeLimit	25000	5528	4.522431
mods/cameo/ContentPacks/RedAlert/Soviets/yaml/weapons.yaml	ra1_soviets_hindattackhelicopter_hindmissilesnuclear	Missile	RangeLimit	25000	5528	4.522431
mods/cameo/ContentPacks/RedAlert/Soviets/yaml/weapons.yaml	ra1_soviets_kamovattackhelicopter_kamovmissilestesla	Missile	RangeLimit	25000	5528	4.522431
mods/cameo/ContentPacks/RedAlert/Soviets/yaml/weapons.yaml	MammothTuskThermobaric	Missile	RangeLimit	30000	6412	4.678727
mods/cameo/ContentPacks/RedAlert/Soviets/yaml/weapons.yaml	MammothTuskTesla	Missile	RangeLimit	30000	6412	4.678727
mods/cameo/ContentPacks/RedAlert/Soviets/yaml/weapons.yaml	ra1_soviets_siegemammothtank_mammothtusk2	Missile	RangeLimit	30000	6666	4.500450
mods/cameo/ContentPacks/RedAlert/Soviets/yaml/weapons.yaml	ra1_soviets_siegemammothtank_mammothtusk2thermobaric	Missile	RangeLimit	30000	6666	4.500450
mods/cameo/ContentPacks/RedAlert/Soviets/yaml/weapons.yaml	ra1_soviets_monstertank_missile_tesla	Missile	RangeLimit	30000	7833	3.829950
mods/cameo/ContentPacks/RedAlert/Soviets/yaml/weapons.yaml	ra1_soviets_monstertank_missile_thermobaric	Missile	RangeLimit	30000	7833	3.829950
mods/cameo/ContentPacks/RedAlert/Soviets/yaml/weapons.yaml	ra1_soviets_samsite_missile_AA	Missile	RangeLimit	20000	12790	1.563722
mods/cameo/ContentPacks/RedAlert2/Allies/yaml/weapons.yaml	RA2PatriotThunderboltMissile	Missile	RangeLimit	16000	14150	1.130742
mods/cameo/ContentPacks/RedAlert2/Allies/yaml/weapons.yaml	BlackEagleMissiles	Missile	RangeLimit	20000	9000	2.222222
mods/cameo/ContentPacks/RedAlert2/Allies/yaml/weapons.yaml	BlackEagleThunderboltMissiles	Missile	RangeLimit	20000	9000	2.222222
mods/cameo/ContentPacks/RedAlert2/Shared/yaml/weapons.yaml	RA2ThunderboltMissile	Missile	RangeLimit	16000		
mods/cameo/ContentPacks/RedAlert2/Shared/yaml/weapons.yaml	RA2MultiThunderboltMissile	Missile	RangeLimit	16000		
mods/cameo/ContentPacks/RedAlert2/Shared/yaml/weapons.yaml	RA2TRIPODPLAZMA	Missile	RangeLimit	10c0	5120	2.000000
mods/cameo/ContentPacks/RedAlert2/Shared/yaml/weapons.yaml	RA2REVENANTAA	Missile	RangeLimit	13c0	10240	1.300000
mods/cameo/ContentPacks/RedAlert2/Shared/yaml/weapons.yaml	MigMissiles	Missile	RangeLimit	15c0	7600	2.021053
mods/cameo/ContentPacks/RedAlert2/Shared/yaml/weapons.yaml	MigMissiles_rad	Missile	RangeLimit	15c0	7600	2.021053
mods/cameo/ContentPacks/RedAlert2/Shared/yaml/weapons.yaml	YRBoomerSCUD	Missile	RangeLimit	20000		
mods/cameo/ContentPacks/RedAlert2/Shared/yaml/weapons.yaml	RA2TorpTube	Missile	RangeLimit	18000	9000	2.000000
mods/cameo/ContentPacks/RedAlert2/Shared/yaml/weapons.yaml	RA2TorpTube_elite	Missile	RangeLimit	18000	10000	1.800000
mods/cameo/ContentPacks/RedAlert2/Yuri/yaml/weapons.yaml	YRBoomerTorpedo	Missile	RangeLimit	20000	15000	1.333333
mods/cameo/ContentPacks/RedAlert2Mod/AsianAlliance/yaml/weapons.yaml	AsianTankKillerRocketShrapnel	Missile	RangeLimit	33333	3333	10.000900
mods/cameo/ContentPacks/RedAlert2Mod/AsianAlliance/yaml/weapons.yaml	AsianMaidenBow	Missile	RangeLimit	18000	1250	14.400000
mods/cameo/ContentPacks/RedAlert2Mod/AsianAlliance/yaml/weapons.yaml	AsianMaidenBow_elite	Missile	RangeLimit	18000	1250	14.400000
mods/cameo/ContentPacks/RedAlert2Mod/AsianAlliance/yaml/weapons.yaml	AsianPhotonCannon	Missile	RangeLimit	25000	14000	1.785714
mods/cameo/ContentPacks/RedAlert2Mod/AsianAlliance/yaml/weapons.yaml	AsianQuasarAG	Missile	RangeLimit	8000	6000	1.333333
mods/cameo/ContentPacks/RedAlert2Mod/AsianAlliance/yaml/weapons.yaml	AsianQuasar_AA	Missile	RangeLimit	12000	9000	1.333333
mods/cameo/ContentPacks/RedAlert2Mod/AsianAlliance/yaml/weapons.yaml	AsianPunisherAG	Missile	RangeLimit	12000	1250	9.600000
mods/cameo/ContentPacks/RedAlert2Mod/AsianAlliance/yaml/weapons.yaml	AsianQuasarBoatAG	Missile	RangeLimit	12c0	7168	1.714286
mods/cameo/ContentPacks/RedAlert2Mod/AsianAlliance/yaml/weapons.yaml	AsianQuasarBoat_AA	Missile	RangeLimit	12c0	7168	1.714286
mods/cameo/ContentPacks/RedAlert2Mod/Consortium/yaml/weapons.yaml	SteelInfRailgun_elite	Missile	RangeLimit	20000	1250	16.000000
mods/cameo/ContentPacks/RedAlert2Mod/Consortium/yaml/weapons.yaml	SteelScalpelRailgunAA	Missile	RangeLimit	20000	1250	16.000000
mods/cameo/ContentPacks/RedAlert2Mod/Consortium/yaml/weapons.yaml	SteelInfRailgun_EMP	Missile	RangeLimit	20000	1	20000.000000
mods/cameo/ContentPacks/RedAlert2Mod/Consortium/yaml/weapons.yaml	SteelInfRailgun_EMP_elite	Missile	RangeLimit	20000	1250	16.000000
mods/cameo/ContentPacks/RedAlert2Mod/Consortium/yaml/weapons.yaml	SteelScalpelRailgun_EMP_AA	Missile	RangeLimit	20000	1250	16.000000
mods/cameo/ContentPacks/RedAlert2Mod/FutureTech/yaml/weapons.yaml	FutureMicrotorpedos	Missile	RangeLimit	24000	12000	2.000000
mods/cameo/ContentPacks/RedAlert2Mod/FutureTech/yaml/weapons.yaml	Future_MultiMissile_Javelin	Missile	RangeLimit	30000	9000	3.333333
mods/cameo/ContentPacks/RedAlert2Mod/FutureTech/yaml/weapons.yaml	Future_MultiMissile_Sigma	Missile	RangeLimit	25000	9000	2.777778
mods/cameo/ContentPacks/RedAlert2Mod/FutureTech/yaml/weapons.yaml	FutureJavelinRockets	Missile	RangeLimit	30000	6000	5.000000
mods/cameo/ContentPacks/RedAlert2Mod/FutureTech/yaml/weapons.yaml	FutureJavelinRockets_elite	Missile	RangeLimit	30000	7000	4.285714
mods/cameo/ContentPacks/RedAlert2Mod/FutureTech/yaml/weapons.yaml	FutureJavelinRocketsDeployed	Missile	RangeLimit	30000	7500	4.000000
mods/cameo/ContentPacks/RedAlert2Mod/FutureTech/yaml/weapons.yaml	FutureJavelinRocketsDeployed_elite	Missile	RangeLimit	30000	8500	3.529412
mods/cameo/ContentPacks/RedAlert2Mod/Naxis/yaml/weapons.yaml	LunarNaxiDroneMissile	Missile	RangeLimit	16000	5760	2.777778
mods/cameo/ContentPacks/RedAlert2Mod/Naxis/yaml/weapons.yaml	NaxPlaneRockets_elite	Missile	RangeLimit	25000	6090	4.105090
mods/cameo/ContentPacks/RedAlert2Mod/Naxis/yaml/weapons.yaml	NaxInterceptorRockets	Missile	RangeLimit	25000		
mods/cameo/ContentPacks/RedAlert2Mod/Naxis/yaml/weapons.yaml	NaxiMissileUboat	Missile	RangeLimit	25000	15000	1.666667
mods/cameo/ContentPacks/RedAlert2Mod/SchwarzerMond/yaml/weapons.yaml	Naxis_Komet	Missile	RangeLimit	31300	7825	4.000000
mods/cameo/ContentPacks/RedAlert2Mod/Syndicate/yaml/weapons.yaml	RA2LarsRocket	Missile	RangeLimit	20000	10130	1.974334
mods/cameo/ContentPacks/RedAlert2Mod/Syndicate/yaml/weapons.yaml	RA2APCRocket	Missile	RangeLimit	20000	5740	3.484321
mods/cameo/ContentPacks/RedAlert2Mod/Syndicate/yaml/weapons.yaml	RA2APCRocket_elite	Missile	RangeLimit	20000	6740	2.967359
mods/cameo/ContentPacks/RedAlert2Mod/TKM/yaml/weapons.yaml	^ViperMissilesLegacy	Missile	RangeLimit	20000	6271	3.189284
mods/cameo/ContentPacks/RedAlert2Mod/TKM/yaml/weapons.yaml	ViperMissilesFire	Missile	RangeLimit	20000		
mods/cameo/ContentPacks/StarCraft/Protoss/yaml/weapons.yaml	ScarabLaunch	Missile	RangeLimit	11111	7777	1.428700
mods/cameo/ContentPacks/StarCraft/Protoss/yaml/weapons.yaml	ScoutRockets_AA	Missile	RangeLimit	25000	4500	5.555556
mods/cameo/ContentPacks/StarCraft/Shared/yaml/weapons.yaml	^Projectile_Missile_Heavy_SC	Missile	RangeLimit	33333		
mods/cameo/ContentPacks/StarCraft/Terran/yaml/weapons.yaml	CycloneRockets	Missile	RangeLimit	25000	7320	3.415301
mods/cameo/ContentPacks/StarCraft/Terran/yaml/weapons.yaml	MarauderMissiles	Missile	RangeLimit	25000	7010	3.566334
mods/cameo/ContentPacks/StarCraft/Terran/yaml/weapons.yaml	SCTyrAA	Missile	RangeLimit	16000	7156	2.235886
mods/cameo/ContentPacks/StarCraft/Terran/yaml/weapons.yaml	GoliathRockets_AA	Missile	RangeLimit	25000	6000	4.166667
mods/cameo/ContentPacks/StarCraft/Terran/yaml/weapons.yaml	GoliathMk2Rockets_AA	Missile	RangeLimit	25000	6479	3.858620
mods/cameo/ContentPacks/StarCraft/Terran/yaml/weapons.yaml	WraithRockets_AA	Missile	RangeLimit	25000	5076	4.925138
mods/cameo/ContentPacks/StarCraft/Terran/yaml/weapons.yaml	SunDogRockets	Missile	RangeLimit	25000	6060	4.125413
mods/cameo/ContentPacks/StarCraft/Terran/yaml/weapons.yaml	ValkyrieRockets	Missile	RangeLimit	25000	7380	3.387534
mods/cameo/ContentPacks/StarCraft/Terran/yaml/weapons.yaml	WyvernRockets	Missile	RangeLimit	25000	8000	3.125000
mods/cameo/ContentPacks/StarCraft/Terran/yaml/weapons.yaml	MissileTurret	Missile	RangeLimit	25000	11626	2.150353
mods/cameo/ContentPacks/StarCraft/Terran/yaml/weapons.yaml	ScienceVesselDefenseMatrix	Missile	RangeLimit	12500	7500	1.666667
mods/cameo/ContentPacks/StarCraft/Terran/yaml/weapons.yaml	ScienceVesselIrradiate	Missile	RangeLimit	12500	7500	1.666667
mods/cameo/ContentPacks/StarCraft/Terran/yaml/weapons.yaml	ScienceVessel_EMP	Missile	RangeLimit	12500	7500	1.666667
mods/cameo/ContentPacks/TiberianDawn/GDI/yaml/weapons.yaml	td_gdi_orca_orcamissiles	Missile	RangeLimit	25000	5442	4.593899
mods/cameo/ContentPacks/TiberianDawn/GDI/yaml/weapons.yaml	td_gdi_orca_orcamissilesamt	Missile	RangeLimit	25000		
mods/cameo/ContentPacks/TiberianDawn/GDI/yaml/weapons.yaml	td_gdi_advancedguardtower_towermissile	Missile	RangeLimit	25000	8772	2.849977
mods/cameo/ContentPacks/TiberianDawn/GDI/yaml/weapons.yaml	td_gdi_advancedguardtower_towermissileamt	Missile	RangeLimit	25000		
mods/cameo/ContentPacks/TiberianDawn/GDI/yaml/weapons.yaml	td_gdi_sonicmissilesoldier_missilesoldierweapon	Missile	RangeLimit	30000	7500	4.000000
mods/cameo/ContentPacks/TiberianDawn/GDI/yaml/weapons.yaml	td_gdi_humveemkii_rocketshumvee2_AA	Missile	RangeLimit	20000	8397	2.381803
mods/cameo/ContentPacks/TiberianDawn/GDI/yaml/weapons.yaml	td_gdi_humveemkii_rocketshumvee2amt	Missile	RangeLimit	20000	5598	3.572705
mods/cameo/ContentPacks/TiberianDawn/GDI/yaml/weapons.yaml	td_gdi_humveemkii_rocketshumvee2amt_AA	Missile	RangeLimit	20000	8397	2.381803
mods/cameo/ContentPacks/TiberianDawn/Nod/yaml/weapons.yaml	td_nod_reconbike_rocket	Missile	RangeLimit	20000	5376	3.720238
mods/cameo/ContentPacks/TiberianDawn/Nod/yaml/weapons.yaml	td_nod_stealthtank_stealthtankmissilesshrapnel	Missile	RangeLimit	33333	3333	10.000900
mods/cameo/ContentPacks/TiberianDawn/Nod/yaml/weapons.yaml	Dragon	Missile	RangeLimit	30000	12193	2.460428
mods/cameo/ContentPacks/TiberianDawn/Nod/yaml/weapons.yaml	td_nod_chemicalrocketsoldier_chemrockets	Missile	RangeLimit	20000	6006	3.330003
mods/cameo/ContentPacks/TiberianDawn/Nod/yaml/weapons.yaml	td_nod_chemicalrocketsoldier_chemrocketsexplosion	Missile	RangeLimit	20000		
mods/cameo/ContentPacks/TiberianDawn/Nod/yaml/weapons.yaml	td_nod_chemicalattackbike_chemicalbikerockets	Missile	RangeLimit	25000	6000	4.166667
mods/cameo/ContentPacks/TiberianDawn/Nod/yaml/weapons.yaml	td_nod_chemicalattackbike_chemicalbikerocketsexplosion	Missile	RangeLimit	25000		
mods/cameo/ContentPacks/TiberianDawn/Nod/yaml/weapons.yaml	td_nod_chemicalstealthtank_chemicalstealthtankmissiles	Missile	RangeLimit	25000	6962	3.590922
mods/cameo/ContentPacks/TiberianDawn/Nod/yaml/weapons.yaml	td_nod_chemicalstealthtank_chemicalstealthtankexplosion	Missile	RangeLimit	25000		
mods/cameo/ContentPacks/TiberianDawn/Nod/yaml/weapons.yaml	td_nod_stealthsoldier_bhreddarts	Missile	RangeLimit	25000	6480	3.858025
mods/cameo/ContentPacks/TiberianDawn/Nod/yaml/weapons.yaml	td_nod_attacksubmarine_nodtorptube	Missile	RangeLimit	16000	8000	2.000000
mods/cameo/ContentPacks/TiberianDawn/Nod/yaml/weapons.yaml	td_nod_attacksubmarine_nodtorptubeblackmarket	Missile	RangeLimit	16000	8000	2.000000
mods/cameo/ContentPacks/TiberianSun/CABAL/yaml/weapons.yaml	TSHellfireTwin	Missile	RangeLimit	25000	5740	4.355401
mods/cameo/ContentPacks/TiberianSun/CABAL/yaml/weapons.yaml	CabalReaperMissiles	Missile	RangeLimit	25000	5785	4.321521
mods/cameo/ContentPacks/TiberianSun/CABAL/yaml/weapons.yaml	CabalReaperMissiles_AA	Missile	RangeLimit	25000	8680	2.880184
mods/cameo/ContentPacks/TiberianSun/CABAL/yaml/weapons.yaml	CabalHeavyReaperMissiles	Missile	RangeLimit	30000	6085	4.930156
mods/cameo/ContentPacks/TiberianSun/CABAL/yaml/weapons.yaml	CabalHeavyReaperMissiles_AA	Missile	RangeLimit	30000	9130	3.285871
mods/cameo/ContentPacks/TiberianSun/CABAL/yaml/weapons.yaml	^CabalManticoreMissiles	Missile	RangeLimit	25000	5358	4.665920
mods/cameo/ContentPacks/TiberianSun/CABAL/yaml/weapons.yaml	CabalRocketCyborgRockets	Missile	RangeLimit	25000	8753	2.856164
mods/cameo/ContentPacks/TiberianSun/CABAL/yaml/weapons.yaml	CabalRocketCyborgRocketsUpgraded	Missile	RangeLimit	25000	8753	2.856164
mods/cameo/ContentPacks/TiberianSun/CABAL/yaml/weapons.yaml	CabalMothershipRockets	Missile	RangeLimit	25000	5846	4.276428
mods/cameo/ContentPacks/TiberianSun/CABAL/yaml/weapons.yaml	CabalAscendedRockets	Missile	RangeLimit	30000	9000	3.333333
mods/cameo/ContentPacks/TiberianSun/Forgotten/yaml/weapons.yaml	TSMammothTuskChem	Missile	RangeLimit	24c0	6172	3.981854
mods/cameo/ContentPacks/TiberianSun/Forgotten/yaml/weapons.yaml	TSChemRuinerMissile	Missile	RangeLimit	25000	5919	4.223686
mods/cameo/ContentPacks/TiberianSun/Forgotten/yaml/weapons.yaml	TSAdatsMissile_AA	Missile	RangeLimit	20000	8409	2.378404
mods/cameo/ContentPacks/TiberianSun/Forgotten/yaml/weapons.yaml	TSFiendShard	Missile	RangeLimit	33333	5690	5.858172
mods/cameo/ContentPacks/TiberianSun/Forgotten/yaml/weapons.yaml	TSFiendShardUP	Missile	RangeLimit	33333	5690	5.858172
mods/cameo/ContentPacks/TiberianSun/Forgotten/yaml/weapons.yaml	TSFiendShardBlue	Missile	RangeLimit	33333	6096	5.468012
mods/cameo/ContentPacks/TiberianSun/Forgotten/yaml/weapons.yaml	TSFiendShardBlueUP	Missile	RangeLimit	33333	6096	5.468012
mods/cameo/ContentPacks/TiberianSun/GDI/yaml/weapons.yaml	TSHoverMissile	Missile	RangeLimit	22c512	8159	2.823875
mods/cameo/ContentPacks/TiberianSun/GDI/yaml/weapons.yaml	TSDestroyerMissiles	Missile	RangeLimit	22c512	8159	2.823875
mods/cameo/ContentPacks/TiberianSun/Nod/yaml/weapons.yaml	TSProton	Missile	RangeLimit	12c0	5414	2.269671
mods/cameo/ContentPacks/TiberianSun/Nod/yaml/weapons.yaml	TSStankTibTusk	Missile	RangeLimit	25000	6385	3.915427
mods/cameo/ContentPacks/TiberianSun/Shared/yaml/weapons.yaml	TSTorpTube	Missile	RangeLimit	18000	1250	14.400000
mods/cameo/ContentPacks/TiberianSun/Shared/yaml/weapons.yaml	TSTorpTube_elite	Missile	RangeLimit	18000	10000	1.800000
mods/cameo/ContentPacks/TiberiumWars/Scrin/yaml/weapons.yaml	ScrinShockDiscs	Missile	RangeLimit	8c0		
mods/cameo/ContentPacks/TiberiumWars/Scrin/yaml/weapons.yaml	ScrinSeekerDiscs	Missile	RangeLimit	7c0		
mods/cameo/ContentPacks/Warcraft2/Humans/yaml/weapons.yaml	wc2mageSlow	Missile	RangeLimit	21c0	8000	2.688000
mods/cameo/ContentPacks/Warcraft2/Humans/yaml/weapons.yaml	wc2magePolymorph	Missile	RangeLimit	21c0	8000	2.688000
mods/cameo/ContentPacks/Warcraft2/Humans/yaml/weapons.yaml	wc2_humans_alleria_arrow	Missile	RangeLimit	16000	7487	2.137038
mods/cameo/ContentPacks/Warcraft2/Humans/yaml/weapons.yaml	wc2_humans_alleria_arrow_elite	Missile	RangeLimit	16000	7487	2.137038
mods/cameo/ContentPacks/Warcraft2/Orcs/yaml/weapons.yaml	wc2ogremageBloodlust	Missile	RangeLimit	21c0	5120	4.200000
mods/cameo/ContentPacks/Warcraft2/Orcs/yaml/weapons.yaml	wc2deathknightDeathCoil	Missile	RangeLimit	20c0	8000	2.560000
mods/cameo/ContentPacks/Warcraft2/Orcs/yaml/weapons.yaml	wc2deathknightDeathCoilScatter_Left	Missile	RangeLimit	30c0		
mods/cameo/ContentPacks/Warcraft2/Orcs/yaml/weapons.yaml	wc2deathknightDeathCoilScatter_Right	Missile	RangeLimit	30c0		
mods/cameo/ContentPacks/Warcraft2/Orcs/yaml/weapons.yaml	wc2deathknightHaste	Missile	RangeLimit	21c0	5120	4.200000
mods/cameo/weapons/d2k.yaml	D2K_Rocket_ultimate	Missile	RangeLimit	36c0	6400	5.760000
mods/cameo/weapons/d2k.yaml	D2K_Rocket_Fremen	Missile	RangeLimit	36c0	6400	5.760000
mods/cameo/weapons/d2k.yaml	d2k_APC_AA	Missile	RangeLimit	12c614	11000	1.172909
mods/cameo/weapons/d2k.yaml	d2k_kwny_fighter	Missile	RangeLimit	4c512	4608	1.000000
mods/cameo/weapons/d2k.yaml	omtank_pri	Missile	RangeLimit	7c204	6144	1.199870
mods/cameo/weapons/d2k.yaml	oDeviatorMissile	Missile	RangeLimit	6c0	5120	1.200000
mods/cameo/weapons/generals.yaml	CHAtomicTorpTube	Missile	RangeLimit	20c819	15360	1.386654
mods/cameo/weapons/heroes.yaml	angelarrow	Missile	RangeLimit	10c0	6144	1.666667
mods/cameo/weapons/monsters.yaml	FireballAA	Missile	RangeLimit	10c0	7168	1.428571
mods/cameo/weapons/monsters.yaml	TripodPlasmaPuff	Missile	RangeLimit	10c0	10240	1.000000
mods/cameo/weapons/monsters.yaml	TripodPlasmaball_AA	Missile	RangeLimit	14c0	12288	1.166667
mods/cameo/weapons/other.yaml	FireballAA	Missile	RangeLimit	10c0	7168	1.428571
mods/cameo/weapons/other.yaml	TripodPlasmaPuff	Missile	RangeLimit	10c0	10240	1.000000
mods/cameo/weapons/other.yaml	TripodPlasmaball_AA	Missile	RangeLimit	14c0	12288	1.166667
mods/cameo/weapons/outpost2.yaml	edenRailgun	Missile	RangeLimit	14000	7000	2.000000
mods/cameo/weapons/outpost2.yaml	edenTigerRailgun	Missile	RangeLimit	14000	8235	1.700061
mods/cameo/weapons/outpost2.yaml	edenDefenceRailgun	Missile	RangeLimit	14000	7168	1.953125
mods/cameo/weapons/outpost2.yaml	eden_EMP_AA	Missile	RangeLimit	30000	8250	3.636364
mods/cameo/weapons/outpost2.yaml	edenTiger_EMP	Missile	RangeLimit	30000	6000	5.000000
mods/cameo/weapons/outpost2.yaml	edenTiger_EMP_AA	Missile	RangeLimit	30000	9000	3.333333
mods/cameo/weapons/outpost2.yaml	eden_GP_EMP	Missile	RangeLimit	30000	768	39.062500
mods/cameo/weapons/outpost2.yaml	plymouthRPG	Missile	RangeLimit	7c204	6144	1.199870
mods/cameo/weapons/outpost2.yaml	plymouthTigerRPG	Missile	RangeLimit	7c204		
mods/cameo/weapons/outpost2.yaml	plymouthDefenceRPG	Missile	RangeLimit	7c204	7168	1.028460
mods/cameo/weapons/outpost2.yaml	plymouth_EMP_AA	Missile	RangeLimit	30000	8250	3.636364
mods/cameo/weapons/outpost2.yaml	plymouth_Tiger_EMP	Missile	RangeLimit	30000	768	39.062500
mods/cameo/weapons/redalert2.yaml	RA2ThunderboltMissile	Missile	RangeLimit	16000		
mods/cameo/weapons/redalert2.yaml	RA2MultiThunderboltMissile	Missile	RangeLimit	16000		
mods/cameo/weapons/redalert2.yaml	RA2TRIPODPLAZMA	Missile	RangeLimit	10c0	5120	2.000000
mods/cameo/weapons/redalert2.yaml	RA2REVENANTAA	Missile	RangeLimit	13c0	10240	1.300000
mods/cameo/weapons/redalert2.yaml	MigMissiles	Missile	RangeLimit	15c0	7600	2.021053
mods/cameo/weapons/redalert2.yaml	YRBoomerSCUD	Missile	RangeLimit	20000	20000	1.000000
mods/cameo/weapons/redalert2.yaml	RA2TorpTube	Missile	RangeLimit	18000	9000	2.000000
mods/cameo/weapons/redalert2mod.yaml	AsianSmallTorpedo	Missile	RangeLimit	24000	12000	2.000000
mods/cameo/weapons/redalert2mod.yaml	NaxTorpTube	Missile	RangeLimit	18000	9000	2.000000
mods/cameo/weapons/redalert2mod.yaml	LatinBuggyRocket	Missile	RangeLimit	12000	6000	2.000000
mods/cameo/weapons/shockwave.yaml	SGLATOPOL	Missile	RangeLimit	25c0	20480	1.250000
mods/cameo/weapons/shockwave.yaml	SGLScourgeMissile	Missile	RangeLimit	15c0	15360	1.000000
mods/cameo/weapons/simcity.yaml	PatriotFireTruck	Missile	RangeLimit	10c819	6656	1.661508
mods/cameo/weapons/tiberiansun.yaml	^Projectile_TS_Missile_Medium	Missile	RangeLimit	15360		
mods/cameo/weapons/tiberiansun.yaml	^Projectile_TS_Missile_Heavy	Missile	RangeLimit	15360		
mods/cameo/weapons/tiberiansun.yaml	TSGrenadeAA	Missile	RangeLimit	9c0	6512	1.415233
mods/cameo/weapons/tiberiansun.yaml	TSReaperTusk	Missile	RangeLimit	25c0	7945	3.222152
mods/cameo/weapons/tiberiansun.yaml	TSAegisMissile	Missile	RangeLimit	18c0	9216	2.000000
mods/cameo/weapons/tiberiansun.yaml	TSSAPCCoreMissiles	Missile	RangeLimit	20000	5300	3.773585
mods/cameo/weapons/tiberiansun.yaml	TSRedEye2	Missile	RangeLimit	30000	12193	2.460428
mods/cameo/weapons/tiberiansun.yaml	TSChemAdatsMissile_AA	Missile	RangeLimit	20000	8409	2.378404
mods/cameo/weapons/tiberiansun.yaml	TSTacticalMissile	Missile	RangeLimit	-1	10238976	-0.000000
mods/cameo/weapons/tiberiansun.yaml	TSTacticalChemMissile	Missile	RangeLimit	-1	10238976	-0.000000
mods/cameo/weapons/valentine.yaml	LovebowFireAAB_AA	Missile	RangeLimit	12c512	7680	1.666667
mods/cameo/weapons/warcraft1.yaml	spearFire	Missile	RangeLimit	6c0	4096	1.500000
mods/cameo/weapons/warcraft1.yaml	wc_tower_fire_aa	Missile	RangeLimit	19c0	9728	2.000000
mods/cameo/weapons/warcraft2.yaml	wc2arrowFire	Missile	RangeLimit	12000	6973	1.720924
mods/cameo/weapons/warcraft2.yaml	wc2highArrowFire	Missile	RangeLimit	14000	7487	1.869908
mods/cameo/weapons/warcraft2.yaml	wc2_tower_arrow	Missile	RangeLimit	12000	8750	1.371429
mods/cameo/weapons/warcraft2.yaml	wc2_tower_axe	Missile	RangeLimit	12000		
mods/cameo/weapons/weapons.yaml	^LightMissile	Missile	RangeLimit	20000	5120	3.906250
mods/cameo/weapons/weapons.yaml	^MediumMissile	Missile	RangeLimit	25000	5120	4.882812
mods/cameo/weapons/weapons.yaml	^HeavyMissile	Missile	RangeLimit	30000	5120	5.859375
mods/cameo/weapons/weapons.yaml	^MagicWeapon	Missile	RangeLimit	33333	5120	6.510352
mods/cameo/weapons/weapons.yaml	^Projectile_Magic_Heavy	Missile	RangeLimit	33333		
mods/cameo/weapons/weapons.yaml	^Projectile_Missile_Light	Missile	RangeLimit	20000		
mods/cameo/weapons/weapons.yaml	^Projectile_Missile_Medium	Missile	RangeLimit	25000		
mods/cameo/weapons/weapons.yaml	^Projectile_Missile_Heavy	Missile	RangeLimit	30000		
mods/cameo/weapons/weapons.yaml	^Projectile_Missile_AA	Missile	RangeLimit	30000		
mods/cameo/weapons/weapons.yaml	^MissileWeapon	Missile	RangeLimit	18c0	6144	3.000000
mods/cameo/weapons/weapons.yaml	^AntiGroundMissile	Missile	RangeLimit	10c0	5120	2.000000
mods/cameo/weapons/weapons.yaml	^AntiAirMissile	Missile	RangeLimit	20c0		
mods/cameo/weapons/weapons.yaml	BoatMissile	Missile	RangeLimit	24c0	8192	3.000000
mods/cameo/weapons/weapons.yaml	Patriot	Missile	RangeLimit	33c3	9216	3.666992
mods/cameo/weapons/weapons.yaml	Spit	Missile	RangeLimit	12345	6150	2.007317
mods/cameo/weapons/weapons.yaml	Spit_AA	Missile	RangeLimit	44444		
mods/cameo/weapons/weapons.yaml	GLASCUD	Missile	RangeLimit	19c0	17408	1.117647
mods/cameo/weapons/weapons.yaml	GLStingerSiteMissile	Missile	RangeLimit	30c0	7680	4.000000
mods/cameo/weapons/weapons.yaml	GLStingerSiteMissileToxin	Missile	RangeLimit	30c0	7680	4.000000
mods/cameo/weapons/weapons.yaml	bowFire_AA	Missile	RangeLimit	15c0	7680	2.000000
mods/cameo/weapons/weapons.yaml	bowFire	Missile	RangeLimit	15c0	5120	3.000000
mods/cameo/weapons/weapons.yaml	wc_tower_fire	Missile	RangeLimit	17c0	8704	2.000000
mods/cameo/weapons/weapons.yaml	SWGreenLaserG	Missile	RangeLimit	18c0	7168	2.571429
mods/cameo/weapons/weapons.yaml	SWGBigRedLaserG	Missile	RangeLimit	18c0	8192	2.250000
mods/cameo/weapons/weapons.yaml	GLTrooperRPGMissileG	Missile	RangeLimit	18c0	8000	2.304000
mods/cameo/weapons/weapons.yaml	GLTrooperRPGMissileToxin	Missile	RangeLimit	18c0	6144	3.000000
mods/cameo/weapons/win98.yaml	paintbrushfire	Missile	RangeLimit	10c0	7680	1.333333
